elainaregis@gmail.com#Elaina Regis#PHD1000#General#Male#No#1985-11-30#Computer Science#B.Tech#M.Tech#CBSE#CBSE#Computer Science#Computer Science#IIT#IIT-Delhi#Delhi#Delhi#75#96#90.0#90.0#966#2015-02-18#04:55:24
berniesebree@gmail.com#Bernie Sebree#PHD1001#SC#Female#No#1986-04-14#Electronics and Communication#B.Tech#M.Tech#CBSE#CBSE#Electronics and Communication#Electronics and Communication#IIIT-Hyderabad#IIIT-Hyderabad#Andhra Pradesh#Andhra Pradesh#71#74#75#75#924#2015-07-26#11:05:11
cynthiawhalley@gmail.com#Cynthia Whalley#PHD1002#General#Male#No#1986-05-09#Computational Biology#B.Tech#M.Tech#CBSE#CBSE#Computer Science#Computer Science#Delhi Technological University#Delhi Technological University#Delhi#Delhi#78#70#84.0#84.0#777#2015-04-24#08:28:40
marquettapernell@gmail.com#Marquetta Pernell#PHD1003#ST#Male#No#1986-07-08#Computer Science#B.Tech#null#ICSE#ICSE#Information Technology#null#IT - BHU#null#Uttar Pradesh#null#85#92#78.0#78.0#798#2015-05-11#02:25:06deepak14036@iiitd.ac.in#Deepak#PHD1004#General#Male#Yes#2015-12-02#Computer Science#g_deg#pg_deg#CBSE#CBSE#g_dept#pg_dept#g_univ#pg_univ#Delhi#Delhi#96#99#75.0#50.0#22#2015-12-02#03:50:00
deepak14036@iiitd.ac.in#sasa#PHD1004#General#Male#No#2015-12-02#Computer Science#saas##asas#asas#qwqw##qwqw##Kerala##22#22#50.0###2015-12-02#03:53:20
vkt301265@gmail.com#asas#PHD1005#SC#Male#Yes#2015-12-02#Computer Science#assa##assa#asas#assa##dsds##Chandigarh##12#2#50.0###2015-12-02#03:56:33
